timestamp,backend_name,job_id,experiment_type,target_entity,parameter_n,shots,count_0,count_1,metric_primary,ibm_calibrated_t1_us,ibm_calibrated_t2_us,ibm_calibrated_readout_err
2026-08-10T23:21:21.049077Z,ibm_marrakesh,d9t5prvtfhrs73dtha1g,Exp1_Depth,Qubit_0,2,8192,8188,4,0.99951171875,262.0436124583514,41.952441030368234,0.005859375
2026-08-10T23:21:21.049077Z,ibm_marrakesh,d9t5prvtfhrs73dtha1g,Exp1_Depth,Qubit_0,128,8192,8187,5,0.9993896484375,262.0436124583514,41.952441030368234,0.005859375
2026-08-10T23:21:21.049077Z,ibm_marrakesh,d9t5prvtfhrs73dtha1g,Exp1_Depth,Qubit_0,512,8192,8189,3,0.9996337890625,262.0436124583514,41.952441030368234,0.005859375
2026-08-10T23:21:21.049077Z,ibm_marrakesh,d9t5prvtfhrs73dtha1g,Exp1_Depth,Qubit_0,1024,8192,8189,3,0.9996337890625,262.0436124583514,41.952441030368234,0.005859375
2026-08-10T23:21:21.049077Z,ibm_marrakesh,d9t5prvtfhrs73dtha1g,Exp1_Depth,Qubit_1,2,8192,8182,10,0.998779296875,199.59232505076648,141.89956107947395,0.0068359375
2026-08-10T23:21:21.049077Z,ibm_marrakesh,d9t5prvtfhrs73dtha1g,Exp1_Depth,Qubit_1,128,8192,8176,16,0.998046875,199.59232505076648,141.89956107947395,0.0068359375
2026-08-10T23:21:21.049077Z,ibm_marrakesh,d9t5prvtfhrs73dtha1g,Exp1_Depth,Qubit_1,512,8192,8177,15,0.9981689453125,199.59232505076648,141.89956107947395,0.0068359375
2026-08-10T23:21:21.049077Z,ibm_marrakesh,d9t5prvtfhrs73dtha1g,Exp1_Depth,Qubit_1,1024,8192,8177,15,0.9981689453125,199.59232505076648,141.89956107947395,0.0068359375
2026-08-10T23:21:21.049077Z,ibm_marrakesh,d9t5prvtfhrs73dtha1g,Exp1_Depth,Qubit_2,2,8192,8182,10,0.998779296875,266.78881532594767,237.80813822373992,0.002197265625
2026-08-10T23:21:21.049077Z,ibm_marrakesh,d9t5prvtfhrs73dtha1g,Exp1_Depth,Qubit_2,128,8192,8183,9,0.9989013671875,266.78881532594767,237.80813822373992,0.002197265625
2026-08-10T23:21:21.049077Z,ibm_marrakesh,d9t5prvtfhrs73dtha1g,Exp1_Depth,Qubit_2,512,8192,8188,4,0.99951171875,266.78881532594767,237.80813822373992,0.002197265625
2026-08-10T23:21:21.049077Z,ibm_marrakesh,d9t5prvtfhrs73dtha1g,Exp1_Depth,Qubit_2,1024,8192,8184,8,0.9990234375,266.78881532594767,237.80813822373992,0.002197265625
2026-08-10T23:21:21.049077Z,ibm_marrakesh,d9t5prvtfhrs73dtha1g,Exp2_Topology,Qubit_0,1,8192,4069,4123,0.006591796875,262.0436124583514,41.952441030368234,0.005859375
2026-08-10T23:21:21.049077Z,ibm_marrakesh,d9t5prvtfhrs73dtha1g,Exp2_Topology,Qubit_1,1,8192,4084,4108,0.0029296875,199.59232505076648,141.89956107947395,0.0068359375
2026-08-10T23:21:21.049077Z,ibm_marrakesh,d9t5prvtfhrs73dtha1g,Exp2_Topology,Qubit_2,1,8192,4107,4085,0.002685546875,266.78881532594767,237.80813822373992,0.002197265625
2026-08-10T23:21:21.049077Z,ibm_marrakesh,d9t5prvtfhrs73dtha1g,Exp3_TemporalBell,Pair_Q0-Q1,2,8192,4094,3921,0.9783935546875,262.0436124583514,41.952441030368234,0.005859375
2026-08-10T23:21:21.049077Z,ibm_marrakesh,d9t5prvtfhrs73dtha1g,Exp3_TemporalBell,Pair_Q1-Q2,2,8192,4140,3961,0.9888916015625,199.59232505076648,141.89956107947395,0.0068359375
2026-08-10T23:21:21.049077Z,ibm_marrakesh,d9t5prvtfhrs73dtha1g,Exp4_GHZScaling,Register_1Q,1,8192,4146,4046,1.0,262.0436124583514,41.952441030368234,0.005859375
2026-08-10T23:21:21.049077Z,ibm_marrakesh,d9t5prvtfhrs73dtha1g,Exp4_GHZScaling,Register_2Q,2,8192,4131,3898,0.9801025390625,262.0436124583514,41.952441030368234,0.005859375
2026-08-10T23:21:21.049077Z,ibm_marrakesh,d9t5prvtfhrs73dtha1g,Exp4_GHZScaling,Register_3Q,3,8192,4121,3838,0.9715576171875,262.0436124583514,41.952441030368234,0.005859375
2026-08-10T23:21:21.049077Z,ibm_marrakesh,d9t5prvtfhrs73dtha1g,Exp6_SPAMReadout,Qubit_0_State0,0,8192,8182,10,0.998779296875,262.0436124583514,41.952441030368234,0.005859375
2026-08-10T23:21:21.049077Z,ibm_marrakesh,d9t5prvtfhrs73dtha1g,Exp6_SPAMReadout,Qubit_0_State1,1,8192,125,8067,0.9847412109375,262.0436124583514,41.952441030368234,0.005859375
2026-08-10T23:21:21.049077Z,ibm_marrakesh,d9t5prvtfhrs73dtha1g,Exp6_SPAMReadout,Qubit_1_State0,0,8192,8165,27,0.9967041015625,199.59232505076648,141.89956107947395,0.0068359375
2026-08-10T23:21:21.049077Z,ibm_marrakesh,d9t5prvtfhrs73dtha1g,Exp6_SPAMReadout,Qubit_1_State1,1,8192,75,8117,0.9908447265625,199.59232505076648,141.89956107947395,0.0068359375
2026-08-10T23:21:21.049077Z,ibm_marrakesh,d9t5prvtfhrs73dtha1g,Exp6_SPAMReadout,Qubit_2_State0,0,8192,8185,7,0.9991455078125,266.78881532594767,237.80813822373992,0.002197265625
2026-08-10T23:21:21.049077Z,ibm_marrakesh,d9t5prvtfhrs73dtha1g,Exp6_SPAMReadout,Qubit_2_State1,1,8192,55,8137,0.9932861328125,266.78881532594767,237.80813822373992,0.002197265625
2026-08-10T23:21:21.049077Z,ibm_marrakesh,d9t5prvtfhrs73dtha1g,Exp7_PathDistance,Path_Q0_to_Q1,1,8192,4056,3967,0.9793701171875,262.0436124583514,41.952441030368234,0.005859375
2026-08-10T23:21:21.049077Z,ibm_marrakesh,d9t5prvtfhrs73dtha1g,Exp7_PathDistance,Path_Q0_to_Q2,2,8192,4048,3953,0.9766845703125,262.0436124583514,41.952441030368234,0.005859375
2026-08-11T05:36:20.168911Z,ibm_marrakesh,d9t9acfpemts73cujn20,Exp1_Depth,Qubit_0,2,8192,8190,2,0.999755859375,262.0436124583514,41.952441030368234,0.005859375
2026-08-11T05:36:20.168911Z,ibm_marrakesh,d9t9acfpemts73cujn20,Exp1_Depth,Qubit_0,128,8192,8190,2,0.999755859375,262.0436124583514,41.952441030368234,0.005859375
2026-08-11T05:36:20.168911Z,ibm_marrakesh,d9t9acfpemts73cujn20,Exp1_Depth,Qubit_0,512,8192,8189,3,0.9996337890625,262.0436124583514,41.952441030368234,0.005859375
2026-08-11T05:36:20.168911Z,ibm_marrakesh,d9t9acfpemts73cujn20,Exp1_Depth,Qubit_0,1024,8192,8188,4,0.99951171875,262.0436124583514,41.952441030368234,0.005859375
2026-08-11T05:36:20.168911Z,ibm_marrakesh,d9t9acfpemts73cujn20,Exp1_Depth,Qubit_1,2,8192,8175,17,0.9979248046875,199.59232505076648,141.89956107947395,0.0068359375
2026-08-11T05:36:20.168911Z,ibm_marrakesh,d9t9acfpemts73cujn20,Exp1_Depth,Qubit_1,128,8192,8175,17,0.9979248046875,199.59232505076648,141.89956107947395,0.0068359375
2026-08-11T05:36:20.168911Z,ibm_marrakesh,d9t9acfpemts73cujn20,Exp1_Depth,Qubit_1,512,8192,8171,21,0.9974365234375,199.59232505076648,141.89956107947395,0.0068359375
2026-08-11T05:36:20.168911Z,ibm_marrakesh,d9t9acfpemts73cujn20,Exp1_Depth,Qubit_1,1024,8192,8167,25,0.9969482421875,199.59232505076648,141.89956107947395,0.0068359375
2026-08-11T05:36:20.168911Z,ibm_marrakesh,d9t9acfpemts73cujn20,Exp1_Depth,Qubit_2,2,8192,8183,9,0.9989013671875,266.78881532594767,237.80813822373992,0.002197265625
2026-08-11T05:36:20.168911Z,ibm_marrakesh,d9t9acfpemts73cujn20,Exp1_Depth,Qubit_2,128,8192,8177,15,0.9981689453125,266.78881532594767,237.80813822373992,0.002197265625
2026-08-11T05:36:20.168911Z,ibm_marrakesh,d9t9acfpemts73cujn20,Exp1_Depth,Qubit_2,512,8192,8182,10,0.998779296875,266.78881532594767,237.80813822373992,0.002197265625
2026-08-11T05:36:20.168911Z,ibm_marrakesh,d9t9acfpemts73cujn20,Exp1_Depth,Qubit_2,1024,8192,8181,11,0.9986572265625,266.78881532594767,237.80813822373992,0.002197265625
2026-08-11T05:36:20.168911Z,ibm_marrakesh,d9t9acfpemts73cujn20,Exp2_Topology,Qubit_0,1,8192,4157,4035,0.014892578125,262.0436124583514,41.952441030368234,0.005859375
2026-08-11T05:36:20.168911Z,ibm_marrakesh,d9t9acfpemts73cujn20,Exp2_Topology,Qubit_1,1,8192,3973,4219,0.030029296875,199.59232505076648,141.89956107947395,0.0068359375
2026-08-11T05:36:20.168911Z,ibm_marrakesh,d9t9acfpemts73cujn20,Exp2_Topology,Qubit_2,1,8192,4140,4052,0.0107421875,266.78881532594767,237.80813822373992,0.002197265625
2026-08-11T05:36:20.168911Z,ibm_marrakesh,d9t9acfpemts73cujn20,Exp3_TemporalBell,Pair_Q0-Q1,2,8192,4053,3969,0.979248046875,262.0436124583514,41.952441030368234,0.005859375
2026-08-11T05:36:20.168911Z,ibm_marrakesh,d9t9acfpemts73cujn20,Exp3_TemporalBell,Pair_Q1-Q2,2,8192,4123,3956,0.9862060546875,199.59232505076648,141.89956107947395,0.0068359375
2026-08-11T05:36:20.168911Z,ibm_marrakesh,d9t9acfpemts73cujn20,Exp4_GHZScaling,Register_1Q,1,8192,4090,4102,1.0,262.0436124583514,41.952441030368234,0.005859375
2026-08-11T05:36:20.168911Z,ibm_marrakesh,d9t9acfpemts73cujn20,Exp4_GHZScaling,Register_2Q,2,8192,4070,3949,0.9788818359375,262.0436124583514,41.952441030368234,0.005859375
2026-08-11T05:36:20.168911Z,ibm_marrakesh,d9t9acfpemts73cujn20,Exp4_GHZScaling,Register_3Q,3,8192,4154,3823,0.9737548828125,262.0436124583514,41.952441030368234,0.005859375
2026-08-11T05:36:20.168911Z,ibm_marrakesh,d9t9acfpemts73cujn20,Exp6_SPAMReadout,Qubit_0_State0,0,8192,8187,5,0.9993896484375,262.0436124583514,41.952441030368234,0.005859375
2026-08-11T05:36:20.168911Z,ibm_marrakesh,d9t9acfpemts73cujn20,Exp6_SPAMReadout,Qubit_0_State1,1,8192,125,8067,0.9847412109375,262.0436124583514,41.952441030368234,0.005859375
2026-08-11T05:36:20.168911Z,ibm_marrakesh,d9t9acfpemts73cujn20,Exp6_SPAMReadout,Qubit_1_State0,0,8192,8170,22,0.997314453125,199.59232505076648,141.89956107947395,0.0068359375
2026-08-11T05:36:20.168911Z,ibm_marrakesh,d9t9acfpemts73cujn20,Exp6_SPAMReadout,Qubit_1_State1,1,8192,49,8143,0.9940185546875,199.59232505076648,141.89956107947395,0.0068359375
2026-08-11T05:36:20.168911Z,ibm_marrakesh,d9t9acfpemts73cujn20,Exp6_SPAMReadout,Qubit_2_State0,0,8192,8183,9,0.9989013671875,266.78881532594767,237.80813822373992,0.002197265625
2026-08-11T05:36:20.168911Z,ibm_marrakesh,d9t9acfpemts73cujn20,Exp6_SPAMReadout,Qubit_2_State1,1,8192,42,8150,0.994873046875,266.78881532594767,237.80813822373992,0.002197265625
2026-08-11T05:36:20.168911Z,ibm_marrakesh,d9t9acfpemts73cujn20,Exp7_PathDistance,Path_Q0_to_Q1,1,8192,4137,3893,0.980224609375,262.0436124583514,41.952441030368234,0.005859375
2026-08-11T05:36:20.168911Z,ibm_marrakesh,d9t9acfpemts73cujn20,Exp7_PathDistance,Path_Q0_to_Q2,2,8192,4445,3657,0.989013671875,262.0436124583514,41.952441030368234,0.005859375
2026-08-11T07:21:21.36078Z,ibm_marrakesh,d9tcqs7pemts73cuo980,Exp1_Depth,Qubit_0,2,8192,8180,12,0.99853515625,262.0436124583514,41.952441030368234,0.005859375
2026-08-11T07:21:21.36078Z,ibm_marrakesh,d9tcqs7pemts73cuo980,Exp1_Depth,Qubit_0,128,8192,8188,4,0.99951171875,262.0436124583514,41.952441030368234,0.005859375
2026-08-11T07:21:21.36078Z,ibm_marrakesh,d9tcqs7pemts73cuo980,Exp1_Depth,Qubit_0,512,8192,8187,5,0.9993896484375,262.0436124583514,41.952441030368234,0.005859375
2026-08-11T07:21:21.36078Z,ibm_marrakesh,d9tcqs7pemts73cuo980,Exp1_Depth,Qubit_0,1024,8192,8187,5,0.9993896484375,262.0436124583514,41.952441030368234,0.005859375
2026-08-11T07:21:21.36078Z,ibm_marrakesh,d9tcqs7pemts73cuo980,Exp1_Depth,Qubit_1,2,8192,8166,26,0.996826171875,199.59232505076648,141.89956107947395,0.0068359375
2026-08-11T07:21:21.36078Z,ibm_marrakesh,d9tcqs7pemts73cuo980,Exp1_Depth,Qubit_1,128,8192,8154,38,0.995361328125,199.59232505076648,141.89956107947395,0.0068359375
2026-08-11T07:21:21.36078Z,ibm_marrakesh,d9tcqs7pemts73cuo980,Exp1_Depth,Qubit_1,512,8192,8155,37,0.9954833984375,199.59232505076648,141.89956107947395,0.0068359375
2026-08-11T07:21:21.36078Z,ibm_marrakesh,d9tcqs7pemts73cuo980,Exp1_Depth,Qubit_1,1024,8192,8151,41,0.9949951171875,199.59232505076648,141.89956107947395,0.0068359375
2026-08-11T07:21:21.36078Z,ibm_marrakesh,d9tcqs7pemts73cuo980,Exp1_Depth,Qubit_2,2,8192,8174,18,0.997802734375,266.78881532594767,237.80813822373992,0.002197265625
2026-08-11T07:21:21.36078Z,ibm_marrakesh,d9tcqs7pemts73cuo980,Exp1_Depth,Qubit_2,128,8192,8177,15,0.9981689453125,266.78881532594767,237.80813822373992,0.002197265625
2026-08-11T07:21:21.36078Z,ibm_marrakesh,d9tcqs7pemts73cuo980,Exp1_Depth,Qubit_2,512,8192,8181,11,0.9986572265625,266.78881532594767,237.80813822373992,0.002197265625
2026-08-11T07:21:21.36078Z,ibm_marrakesh,d9tcqs7pemts73cuo980,Exp1_Depth,Qubit_2,1024,8192,8184,8,0.9990234375,266.78881532594767,237.80813822373992,0.002197265625
2026-08-11T07:21:21.36078Z,ibm_marrakesh,d9tcqs7pemts73cuo980,Exp2_Topology,Qubit_0,1,8192,4209,3983,0.027587890625,262.0436124583514,41.952441030368234,0.005859375
2026-08-11T07:21:21.36078Z,ibm_marrakesh,d9tcqs7pemts73cuo980,Exp2_Topology,Qubit_1,1,8192,4028,4164,0.0166015625,199.59232505076648,141.89956107947395,0.0068359375
2026-08-11T07:21:21.36078Z,ibm_marrakesh,d9tcqs7pemts73cuo980,Exp2_Topology,Qubit_2,1,8192,4066,4126,0.00732421875,266.78881532594767,237.80813822373992,0.002197265625
2026-08-11T07:21:21.36078Z,ibm_marrakesh,d9tcqs7pemts73cuo980,Exp3_TemporalBell,Pair_Q0-Q1,2,8192,4245,3611,0.958984375,262.0436124583514,41.952441030368234,0.005859375
2026-08-11T07:21:21.36078Z,ibm_marrakesh,d9tcqs7pemts73cuo980,Exp3_TemporalBell,Pair_Q1-Q2,2,8192,4128,3955,0.9866943359375,199.59232505076648,141.89956107947395,0.0068359375
2026-08-11T07:21:21.36078Z,ibm_marrakesh,d9tcqs7pemts73cuo980,Exp4_GHZScaling,Register_1Q,1,8192,4285,3907,1.0,262.0436124583514,41.952441030368234,0.005859375
2026-08-11T07:21:21.36078Z,ibm_marrakesh,d9tcqs7pemts73cuo980,Exp4_GHZScaling,Register_2Q,2,8192,4178,3679,0.9591064453125,262.0436124583514,41.952441030368234,0.005859375
2026-08-11T07:21:21.36078Z,ibm_marrakesh,d9tcqs7pemts73cuo980,Exp4_GHZScaling,Register_3Q,3,8192,4071,3602,0.9366455078125,262.0436124583514,41.952441030368234,0.005859375
2026-08-11T07:21:21.36078Z,ibm_marrakesh,d9tcqs7pemts73cuo980,Exp6_SPAMReadout,Qubit_0_State0,0,8192,8180,12,0.99853515625,262.0436124583514,41.952441030368234,0.005859375
2026-08-11T07:21:21.36078Z,ibm_marrakesh,d9tcqs7pemts73cuo980,Exp6_SPAMReadout,Qubit_0_State1,1,8192,358,7834,0.956298828125,262.0436124583514,41.952441030368234,0.005859375
2026-08-11T07:21:21.36078Z,ibm_marrakesh,d9tcqs7pemts73cuo980,Exp6_SPAMReadout,Qubit_1_State0,0,8192,8157,35,0.9957275390625,199.59232505076648,141.89956107947395,0.0068359375
2026-08-11T07:21:21.36078Z,ibm_marrakesh,d9tcqs7pemts73cuo980,Exp6_SPAMReadout,Qubit_1_State1,1,8192,80,8112,0.990234375,199.59232505076648,141.89956107947395,0.0068359375
2026-08-11T07:21:21.36078Z,ibm_marrakesh,d9tcqs7pemts73cuo980,Exp6_SPAMReadout,Qubit_2_State0,0,8192,8184,8,0.9990234375,266.78881532594767,237.80813822373992,0.002197265625
2026-08-11T07:21:21.36078Z,ibm_marrakesh,d9tcqs7pemts73cuo980,Exp6_SPAMReadout,Qubit_2_State1,1,8192,47,8145,0.9942626953125,266.78881532594767,237.80813822373992,0.002197265625
2026-08-11T07:21:21.36078Z,ibm_marrakesh,d9tcqs7pemts73cuo980,Exp7_PathDistance,Path_Q0_to_Q1,1,8192,4103,3747,0.958251953125,262.0436124583514,41.952441030368234,0.005859375
2026-08-11T07:21:21.36078Z,ibm_marrakesh,d9tcqs7pemts73cuo980,Exp7_PathDistance,Path_Q0_to_Q2,2,8192,4133,3689,0.954833984375,262.0436124583514,41.952441030368234,0.005859375
2026-08-11T11:21:21.052838Z,ibm_marrakesh,d9tgbbvpemts73cusv7g,Exp1_Depth,Qubit_0,2,8192,8188,4,0.99951171875,262.0436124583514,41.952441030368234,0.005859375
2026-08-11T11:21:21.052838Z,ibm_marrakesh,d9tgbbvpemts73cusv7g,Exp1_Depth,Qubit_0,128,8192,8185,7,0.9991455078125,262.0436124583514,41.952441030368234,0.005859375
2026-08-11T11:21:21.052838Z,ibm_marrakesh,d9tgbbvpemts73cusv7g,Exp1_Depth,Qubit_0,512,8192,8187,5,0.9993896484375,262.0436124583514,41.952441030368234,0.005859375
2026-08-11T11:21:21.052838Z,ibm_marrakesh,d9tgbbvpemts73cusv7g,Exp1_Depth,Qubit_0,1024,8192,8186,6,0.999267578125,262.0436124583514,41.952441030368234,0.005859375
2026-08-11T11:21:21.052838Z,ibm_marrakesh,d9tgbbvpemts73cusv7g,Exp1_Depth,Qubit_1,2,8192,8167,25,0.9969482421875,199.59232505076648,141.89956107947395,0.0068359375
2026-08-11T11:21:21.052838Z,ibm_marrakesh,d9tgbbvpemts73cusv7g,Exp1_Depth,Qubit_1,128,8192,8176,16,0.998046875,199.59232505076648,141.89956107947395,0.0068359375
2026-08-11T11:21:21.052838Z,ibm_marrakesh,d9tgbbvpemts73cusv7g,Exp1_Depth,Qubit_1,512,8192,8174,18,0.997802734375,199.59232505076648,141.89956107947395,0.0068359375
2026-08-11T11:21:21.052838Z,ibm_marrakesh,d9tgbbvpemts73cusv7g,Exp1_Depth,Qubit_1,1024,8192,8171,21,0.9974365234375,199.59232505076648,141.89956107947395,0.0068359375
2026-08-11T11:21:21.052838Z,ibm_marrakesh,d9tgbbvpemts73cusv7g,Exp1_Depth,Qubit_2,2,8192,8183,9,0.9989013671875,266.78881532594767,237.80813822373992,0.002197265625
2026-08-11T11:21:21.052838Z,ibm_marrakesh,d9tgbbvpemts73cusv7g,Exp1_Depth,Qubit_2,128,8192,8180,12,0.99853515625,266.78881532594767,237.80813822373992,0.002197265625
2026-08-11T11:21:21.052838Z,ibm_marrakesh,d9tgbbvpemts73cusv7g,Exp1_Depth,Qubit_2,512,8192,8178,14,0.998291015625,266.78881532594767,237.80813822373992,0.002197265625
2026-08-11T11:21:21.052838Z,ibm_marrakesh,d9tgbbvpemts73cusv7g,Exp1_Depth,Qubit_2,1024,8192,8179,13,0.9984130859375,266.78881532594767,237.80813822373992,0.002197265625
2026-08-11T11:21:21.052838Z,ibm_marrakesh,d9tgbbvpemts73cusv7g,Exp2_Topology,Qubit_0,1,8192,4275,3917,0.043701171875,262.0436124583514,41.952441030368234,0.005859375
2026-08-11T11:21:21.052838Z,ibm_marrakesh,d9tgbbvpemts73cusv7g,Exp2_Topology,Qubit_1,1,8192,4009,4183,0.021240234375,199.59232505076648,141.89956107947395,0.0068359375
2026-08-11T11:21:21.052838Z,ibm_marrakesh,d9tgbbvpemts73cusv7g,Exp2_Topology,Qubit_2,1,8192,4088,4104,0.001953125,266.78881532594767,237.80813822373992,0.002197265625
2026-08-11T11:21:21.052838Z,ibm_marrakesh,d9tgbbvpemts73cusv7g,Exp3_TemporalBell,Pair_Q0-Q1,2,8192,4116,3760,0.96142578125,262.0436124583514,41.952441030368234,0.005859375
2026-08-11T11:21:21.052838Z,ibm_marrakesh,d9tgbbvpemts73cusv7g,Exp3_TemporalBell,Pair_Q1-Q2,2,8192,4158,3917,0.9857177734375,199.59232505076648,141.89956107947395,0.0068359375
2026-08-11T11:21:21.052838Z,ibm_marrakesh,d9tgbbvpemts73cusv7g,Exp4_GHZScaling,Register_1Q,1,8192,4292,3900,1.0,262.0436124583514,41.952441030368234,0.005859375
2026-08-11T11:21:21.052838Z,ibm_marrakesh,d9tgbbvpemts73cusv7g,Exp4_GHZScaling,Register_2Q,2,8192,4199,3711,0.965576171875,262.0436124583514,41.952441030368234,0.005859375
2026-08-11T11:21:21.052838Z,ibm_marrakesh,d9tgbbvpemts73cusv7g,Exp4_GHZScaling,Register_3Q,3,8192,4118,3731,0.9581298828125,262.0436124583514,41.952441030368234,0.005859375
2026-08-11T11:21:21.052838Z,ibm_marrakesh,d9tgbbvpemts73cusv7g,Exp6_SPAMReadout,Qubit_0_State0,0,8192,8183,9,0.9989013671875,262.0436124583514,41.952441030368234,0.005859375
2026-08-11T11:21:21.052838Z,ibm_marrakesh,d9tgbbvpemts73cusv7g,Exp6_SPAMReadout,Qubit_0_State1,1,8192,424,7768,0.9482421875,262.0436124583514,41.952441030368234,0.005859375
2026-08-11T11:21:21.052838Z,ibm_marrakesh,d9tgbbvpemts73cusv7g,Exp6_SPAMReadout,Qubit_1_State0,0,8192,8166,26,0.996826171875,199.59232505076648,141.89956107947395,0.0068359375
2026-08-11T11:21:21.052838Z,ibm_marrakesh,d9tgbbvpemts73cusv7g,Exp6_SPAMReadout,Qubit_1_State1,1,8192,74,8118,0.990966796875,199.59232505076648,141.89956107947395,0.0068359375
2026-08-11T11:21:21.052838Z,ibm_marrakesh,d9tgbbvpemts73cusv7g,Exp6_SPAMReadout,Qubit_2_State0,0,8192,8177,15,0.9981689453125,266.78881532594767,237.80813822373992,0.002197265625
2026-08-11T11:21:21.052838Z,ibm_marrakesh,d9tgbbvpemts73cusv7g,Exp6_SPAMReadout,Qubit_2_State1,1,8192,51,8141,0.9937744140625,266.78881532594767,237.80813822373992,0.002197265625
2026-08-11T11:21:21.052838Z,ibm_marrakesh,d9tgbbvpemts73cusv7g,Exp7_PathDistance,Path_Q0_to_Q1,1,8192,4073,3811,0.96240234375,262.0436124583514,41.952441030368234,0.005859375
2026-08-11T11:21:21.052838Z,ibm_marrakesh,d9tgbbvpemts73cusv7g,Exp7_PathDistance,Path_Q0_to_Q2,2,8192,4199,3696,0.9637451171875,262.0436124583514,41.952441030368234,0.005859375
2026-08-11T15:21:20.987883Z,ibm_marrakesh,d9tjrrpdsedc73aj2d4g,Exp1_Depth,Qubit_0,2,8192,8187,5,0.9993896484375,262.0436124583514,41.952441030368234,0.005859375
2026-08-11T15:21:20.987883Z,ibm_marrakesh,d9tjrrpdsedc73aj2d4g,Exp1_Depth,Qubit_0,128,8192,8187,5,0.9993896484375,262.0436124583514,41.952441030368234,0.005859375
2026-08-11T15:21:20.987883Z,ibm_marrakesh,d9tjrrpdsedc73aj2d4g,Exp1_Depth,Qubit_0,512,8192,8183,9,0.9989013671875,262.0436124583514,41.952441030368234,0.005859375
2026-08-11T15:21:20.987883Z,ibm_marrakesh,d9tjrrpdsedc73aj2d4g,Exp1_Depth,Qubit_0,1024,8192,8187,5,0.9993896484375,262.0436124583514,41.952441030368234,0.005859375
2026-08-11T15:21:20.987883Z,ibm_marrakesh,d9tjrrpdsedc73aj2d4g,Exp1_Depth,Qubit_1,2,8192,8136,56,0.9931640625,199.59232505076648,141.89956107947395,0.0068359375
2026-08-11T15:21:20.987883Z,ibm_marrakesh,d9tjrrpdsedc73aj2d4g,Exp1_Depth,Qubit_1,128,8192,8134,58,0.992919921875,199.59232505076648,141.89956107947395,0.0068359375
2026-08-11T15:21:20.987883Z,ibm_marrakesh,d9tjrrpdsedc73aj2d4g,Exp1_Depth,Qubit_1,512,8192,8149,43,0.9947509765625,199.59232505076648,141.89956107947395,0.0068359375
2026-08-11T15:21:20.987883Z,ibm_marrakesh,d9tjrrpdsedc73aj2d4g,Exp1_Depth,Qubit_1,1024,8192,8138,54,0.993408203125,199.59232505076648,141.89956107947395,0.0068359375
2026-08-11T15:21:20.987883Z,ibm_marrakesh,d9tjrrpdsedc73aj2d4g,Exp1_Depth,Qubit_2,2,8192,8183,9,0.9989013671875,266.78881532594767,237.80813822373992,0.002197265625
2026-08-11T15:21:20.987883Z,ibm_marrakesh,d9tjrrpdsedc73aj2d4g,Exp1_Depth,Qubit_2,128,8192,8181,11,0.9986572265625,266.78881532594767,237.80813822373992,0.002197265625
2026-08-11T15:21:20.987883Z,ibm_marrakesh,d9tjrrpdsedc73aj2d4g,Exp1_Depth,Qubit_2,512,8192,8183,9,0.9989013671875,266.78881532594767,237.80813822373992,0.002197265625
2026-08-11T15:21:20.987883Z,ibm_marrakesh,d9tjrrpdsedc73aj2d4g,Exp1_Depth,Qubit_2,1024,8192,8182,10,0.998779296875,266.78881532594767,237.80813822373992,0.002197265625
2026-08-11T15:21:20.987883Z,ibm_marrakesh,d9tjrrpdsedc73aj2d4g,Exp2_Topology,Qubit_0,1,8192,4115,4077,0.004638671875,262.0436124583514,41.952441030368234,0.005859375
2026-08-11T15:21:20.987883Z,ibm_marrakesh,d9tjrrpdsedc73aj2d4g,Exp2_Topology,Qubit_1,1,8192,4091,4101,0.001220703125,199.59232505076648,141.89956107947395,0.0068359375
2026-08-11T15:21:20.987883Z,ibm_marrakesh,d9tjrrpdsedc73aj2d4g,Exp2_Topology,Qubit_2,1,8192,4083,4109,0.003173828125,266.78881532594767,237.80813822373992,0.002197265625
2026-08-11T15:21:20.987883Z,ibm_marrakesh,d9tjrrpdsedc73aj2d4g,Exp3_TemporalBell,Pair_Q0-Q1,2,8192,4044,3883,0.9676513671875,262.0436124583514,41.952441030368234,0.005859375
2026-08-11T15:21:20.987883Z,ibm_marrakesh,d9tjrrpdsedc73aj2d4g,Exp3_TemporalBell,Pair_Q1-Q2,2,8192,4155,3833,0.97509765625,199.59232505076648,141.89956107947395,0.0068359375
2026-08-11T15:21:20.987883Z,ibm_marrakesh,d9tjrrpdsedc73aj2d4g,Exp4_GHZScaling,Register_1Q,1,8192,4082,4110,1.0,262.0436124583514,41.952441030368234,0.005859375
2026-08-11T15:21:20.987883Z,ibm_marrakesh,d9tjrrpdsedc73aj2d4g,Exp4_GHZScaling,Register_2Q,2,8192,4160,3799,0.9715576171875,262.0436124583514,41.952441030368234,0.005859375
2026-08-11T15:21:20.987883Z,ibm_marrakesh,d9tjrrpdsedc73aj2d4g,Exp4_GHZScaling,Register_3Q,3,8192,4132,3727,0.9593505859375,262.0436124583514,41.952441030368234,0.005859375
2026-08-11T15:21:20.987883Z,ibm_marrakesh,d9tjrrpdsedc73aj2d4g,Exp6_SPAMReadout,Qubit_0_State0,0,8192,8186,6,0.999267578125,262.0436124583514,41.952441030368234,0.005859375
2026-08-11T15:21:20.987883Z,ibm_marrakesh,d9tjrrpdsedc73aj2d4g,Exp6_SPAMReadout,Qubit_0_State1,1,8192,86,8106,0.989501953125,262.0436124583514,41.952441030368234,0.005859375
2026-08-11T15:21:20.987883Z,ibm_marrakesh,d9tjrrpdsedc73aj2d4g,Exp6_SPAMReadout,Qubit_1_State0,0,8192,8144,48,0.994140625,199.59232505076648,141.89956107947395,0.0068359375
2026-08-11T15:21:20.987883Z,ibm_marrakesh,d9tjrrpdsedc73aj2d4g,Exp6_SPAMReadout,Qubit_1_State1,1,8192,219,7973,0.9732666015625,199.59232505076648,141.89956107947395,0.0068359375
2026-08-11T15:21:20.987883Z,ibm_marrakesh,d9tjrrpdsedc73aj2d4g,Exp6_SPAMReadout,Qubit_2_State0,0,8192,8185,7,0.9991455078125,266.78881532594767,237.80813822373992,0.002197265625
2026-08-11T15:21:20.987883Z,ibm_marrakesh,d9tjrrpdsedc73aj2d4g,Exp6_SPAMReadout,Qubit_2_State1,1,8192,45,8147,0.9945068359375,266.78881532594767,237.80813822373992,0.002197265625
2026-08-11T15:21:20.987883Z,ibm_marrakesh,d9tjrrpdsedc73aj2d4g,Exp7_PathDistance,Path_Q0_to_Q1,1,8192,4121,3781,0.964599609375,262.0436124583514,41.952441030368234,0.005859375
2026-08-11T15:21:20.987883Z,ibm_marrakesh,d9tjrrpdsedc73aj2d4g,Exp7_PathDistance,Path_Q0_to_Q2,2,8192,4432,3561,0.9757080078125,262.0436124583514,41.952441030368234,0.005859375
2026-08-11T19:21:25.01137Z,ibm_marrakesh,d9tnccr43mgs73ervpsg,Exp1_Depth,Qubit_0,2,8192,8174,18,0.997802734375,262.0436124583514,41.952441030368234,0.005859375
2026-08-11T19:21:25.01137Z,ibm_marrakesh,d9tnccr43mgs73ervpsg,Exp1_Depth,Qubit_0,128,8192,8178,14,0.998291015625,262.0436124583514,41.952441030368234,0.005859375
2026-08-11T19:21:25.01137Z,ibm_marrakesh,d9tnccr43mgs73ervpsg,Exp1_Depth,Qubit_0,512,8192,8175,17,0.9979248046875,262.0436124583514,41.952441030368234,0.005859375
2026-08-11T19:21:25.01137Z,ibm_marrakesh,d9tnccr43mgs73ervpsg,Exp1_Depth,Qubit_0,1024,8192,8176,16,0.998046875,262.0436124583514,41.952441030368234,0.005859375
2026-08-11T19:21:25.01137Z,ibm_marrakesh,d9tnccr43mgs73ervpsg,Exp1_Depth,Qubit_1,2,8192,8169,23,0.9971923828125,199.59232505076648,141.89956107947395,0.0068359375
2026-08-11T19:21:25.01137Z,ibm_marrakesh,d9tnccr43mgs73ervpsg,Exp1_Depth,Qubit_1,128,8192,8160,32,0.99609375,199.59232505076648,141.89956107947395,0.0068359375
2026-08-11T19:21:25.01137Z,ibm_marrakesh,d9tnccr43mgs73ervpsg,Exp1_Depth,Qubit_1,512,8192,8162,30,0.996337890625,199.59232505076648,141.89956107947395,0.0068359375
2026-08-11T19:21:25.01137Z,ibm_marrakesh,d9tnccr43mgs73ervpsg,Exp1_Depth,Qubit_1,1024,8192,8158,34,0.995849609375,199.59232505076648,141.89956107947395,0.0068359375
2026-08-11T19:21:25.01137Z,ibm_marrakesh,d9tnccr43mgs73ervpsg,Exp1_Depth,Qubit_2,2,8192,8177,15,0.9981689453125,266.78881532594767,237.80813822373992,0.002197265625
2026-08-11T19:21:25.01137Z,ibm_marrakesh,d9tnccr43mgs73ervpsg,Exp1_Depth,Qubit_2,128,8192,8183,9,0.9989013671875,266.78881532594767,237.80813822373992,0.002197265625
2026-08-11T19:21:25.01137Z,ibm_marrakesh,d9tnccr43mgs73ervpsg,Exp1_Depth,Qubit_2,512,8192,8179,13,0.9984130859375,266.78881532594767,237.80813822373992,0.002197265625
2026-08-11T19:21:25.01137Z,ibm_marrakesh,d9tnccr43mgs73ervpsg,Exp1_Depth,Qubit_2,1024,8192,8175,17,0.9979248046875,266.78881532594767,237.80813822373992,0.002197265625
2026-08-11T19:21:25.01137Z,ibm_marrakesh,d9tnccr43mgs73ervpsg,Exp2_Topology,Qubit_0,1,8192,4114,4078,0.00439453125,262.0436124583514,41.952441030368234,0.005859375
2026-08-11T19:21:25.01137Z,ibm_marrakesh,d9tnccr43mgs73ervpsg,Exp2_Topology,Qubit_1,1,8192,3936,4256,0.0390625,199.59232505076648,141.89956107947395,0.0068359375
2026-08-11T19:21:25.01137Z,ibm_marrakesh,d9tnccr43mgs73ervpsg,Exp2_Topology,Qubit_2,1,8192,4065,4127,0.007568359375,266.78881532594767,237.80813822373992,0.002197265625
2026-08-11T19:21:25.01137Z,ibm_marrakesh,d9tnccr43mgs73ervpsg,Exp3_TemporalBell,Pair_Q0-Q1,2,8192,4119,3941,0.98388671875,262.0436124583514,41.952441030368234,0.005859375
2026-08-11T19:21:25.01137Z,ibm_marrakesh,d9tnccr43mgs73ervpsg,Exp3_TemporalBell,Pair_Q1-Q2,2,8192,4106,3976,0.986572265625,199.59232505076648,141.89956107947395,0.0068359375
2026-08-11T19:21:25.01137Z,ibm_marrakesh,d9tnccr43mgs73ervpsg,Exp4_GHZScaling,Register_1Q,1,8192,4040,4152,1.0,262.0436124583514,41.952441030368234,0.005859375
2026-08-11T19:21:25.01137Z,ibm_marrakesh,d9tnccr43mgs73ervpsg,Exp4_GHZScaling,Register_2Q,2,8192,4100,3959,0.9837646484375,262.0436124583514,41.952441030368234,0.005859375
2026-08-11T19:21:25.01137Z,ibm_marrakesh,d9tnccr43mgs73ervpsg,Exp4_GHZScaling,Register_3Q,3,8192,4185,3834,0.9788818359375,262.0436124583514,41.952441030368234,0.005859375
2026-08-11T19:21:25.01137Z,ibm_marrakesh,d9tnccr43mgs73ervpsg,Exp6_SPAMReadout,Qubit_0_State0,0,8192,8172,20,0.99755859375,262.0436124583514,41.952441030368234,0.005859375
2026-08-11T19:21:25.01137Z,ibm_marrakesh,d9tnccr43mgs73ervpsg,Exp6_SPAMReadout,Qubit_0_State1,1,8192,73,8119,0.9910888671875,262.0436124583514,41.952441030368234,0.005859375
2026-08-11T19:21:25.01137Z,ibm_marrakesh,d9tnccr43mgs73ervpsg,Exp6_SPAMReadout,Qubit_1_State0,0,8192,8164,28,0.99658203125,199.59232505076648,141.89956107947395,0.0068359375
2026-08-11T19:21:25.01137Z,ibm_marrakesh,d9tnccr43mgs73ervpsg,Exp6_SPAMReadout,Qubit_1_State1,1,8192,84,8108,0.98974609375,199.59232505076648,141.89956107947395,0.0068359375
2026-08-11T19:21:25.01137Z,ibm_marrakesh,d9tnccr43mgs73ervpsg,Exp6_SPAMReadout,Qubit_2_State0,0,8192,8184,8,0.9990234375,266.78881532594767,237.80813822373992,0.002197265625
2026-08-11T19:21:25.01137Z,ibm_marrakesh,d9tnccr43mgs73ervpsg,Exp6_SPAMReadout,Qubit_2_State1,1,8192,62,8130,0.992431640625,266.78881532594767,237.80813822373992,0.002197265625
2026-08-11T19:21:25.01137Z,ibm_marrakesh,d9tnccr43mgs73ervpsg,Exp7_PathDistance,Path_Q0_to_Q1,1,8192,4054,4009,0.9842529296875,262.0436124583514,41.952441030368234,0.005859375
2026-08-11T19:21:25.01137Z,ibm_marrakesh,d9tnccr43mgs73ervpsg,Exp7_PathDistance,Path_Q0_to_Q2,2,8192,4346,3733,0.9862060546875,262.0436124583514,41.952441030368234,0.005859375
